{
  "meta": {
    "schema_v": 1,
    "timestamp_utc": "2026-05-17T11:01:10.359803+00:00",
    "git_sha": "0925beaeeb866134f87680c58a926780f9248bbe",
    "hostname": "DESKTOP-7MCOG2Q",
    "platform": "Linux-5.15.167.4-microsoft-standard-WSL2-x86_64-with-glibc2.39",
    "gpu": "NVIDIA GeForce RTX 3090, 595.79",
    "cuda": "Build cuda_12.6.r12.6/compiler.35059454_0"
  },
  "workload": {
    "name": "swe_bench_2k",
    "bucket": "2k",
    "n_sample": 8,
    "seed": 42,
    "tokenizer_id": "Qwen/Qwen3.5-27B",
    "prompt_shas": [
      "8b617031c15d1a3ef358afdd5c5d379b505a85895c3fc8b9c8027d67f3846097",
      "d1e06b2c78f60849c4ca21a765fa0a49f11376cddfd3ef822ba69fe3935177de",
      "4dc1fd24a3f4f113b677af1a0768a215e0485641bb5c6ccdb661520a19a82ff6",
      "58e79e853fd975ccd00407c7709d43232874d584432ef4931a910100e4c27f62",
      "bbd45562b0e027bab35e43db1266a0b3309371b5156be68b64f3a10d21b0167d",
      "5a3fbff0b7cb85fc5dbcae9711387942b309b8020c2d6711952566fc2b63ee12",
      "ab2dc73e968438cb7c15f5832916ea8ee802c976c3f778b5050dbc3ea9ad5337",
      "3a78ceecabafafb94e9b55db3d4536eae7a82750c5833aff0d99ec2cec2a753a"
    ]
  },
  "speculator": {
    "name": "mtp_d3",
    "config": {
      "name": "mtp_d3",
      "chain_depth": 3,
      "gguf_path": "/home/peppi/models/qwen3.6-27b-mtp-q4/Qwen3.6-27B-MTP-Q4_K_M.gguf",
      "kv_type": "q8_0",
      "draft_source": "chain"
    }
  },
  "results": [
    {
      "prompt_idx": 0,
      "prompt_id": "scikit-learn__scikit-learn-13439",
      "tok_s": 50.6998,
      "accept_rate": 0.6363636363636364,
      "al": null,
      "n_tokens_generated": 128,
      "decode_s": 2.524664,
      "prefill_s": 2.71858,
      "raw_json": {
        "tok_s": 50.6998,
        "prompt": 0,
        "gamma": 3,
        "tokens": 128,
        "decode_s": 2.524664,
        "prefill_s": 2.71858,
        "accepted": 84,
        "proposed": 132,
        "accept_rate": 0.6364,
        "draft_source": "chain",
        "draft_topk": 4,
        "ddtree_budget": 64,
        "ddtree_chain_seed": true,
        "l6_tau": 0.6,
        "l6_k": 3,
        "prompt_id": 0
      },
      "run_idx": 0
    },
    {
      "prompt_idx": 1,
      "prompt_id": "django__django-12155",
      "tok_s": 47.1451,
      "accept_rate": 0.5797101449275363,
      "al": null,
      "n_tokens_generated": 128,
      "decode_s": 2.715021,
      "prefill_s": 2.955653,
      "raw_json": {
        "tok_s": 47.1451,
        "prompt": 1,
        "gamma": 3,
        "tokens": 128,
        "decode_s": 2.715021,
        "prefill_s": 2.955653,
        "accepted": 80,
        "proposed": 138,
        "accept_rate": 0.5797,
        "draft_source": "chain",
        "draft_topk": 4,
        "ddtree_budget": 64,
        "ddtree_chain_seed": true,
        "l6_tau": 0.6,
        "l6_k": 3,
        "prompt_id": 1
      },
      "run_idx": 0
    },
    {
      "prompt_idx": 2,
      "prompt_id": "scikit-learn__scikit-learn-25232",
      "tok_s": 43.4188,
      "accept_rate": 0.527027027027027,
      "al": null,
      "n_tokens_generated": 128,
      "decode_s": 2.948033,
      "prefill_s": 3.004819,
      "raw_json": {
        "tok_s": 43.4188,
        "prompt": 2,
        "gamma": 3,
        "tokens": 128,
        "decode_s": 2.948033,
        "prefill_s": 3.004819,
        "accepted": 78,
        "proposed": 148,
        "accept_rate": 0.527,
        "draft_source": "chain",
        "draft_topk": 4,
        "ddtree_budget": 64,
        "ddtree_chain_seed": true,
        "l6_tau": 0.6,
        "l6_k": 3,
        "prompt_id": 2
      },
      "run_idx": 0
    },
    {
      "prompt_idx": 3,
      "prompt_id": "django__django-14434",
      "tok_s": 55.2441,
      "accept_rate": 0.6991869918699187,
      "al": null,
      "n_tokens_generated": 128,
      "decode_s": 2.316991,
      "prefill_s": 2.461035,
      "raw_json": {
        "tok_s": 55.2441,
        "prompt": 3,
        "gamma": 3,
        "tokens": 128,
        "decode_s": 2.316991,
        "prefill_s": 2.461035,
        "accepted": 86,
        "proposed": 123,
        "accept_rate": 0.6992,
        "draft_source": "chain",
        "draft_topk": 4,
        "ddtree_budget": 64,
        "ddtree_chain_seed": true,
        "l6_tau": 0.6,
        "l6_k": 3,
        "prompt_id": 3
      },
      "run_idx": 0
    },
    {
      "prompt_idx": 4,
      "prompt_id": "django__django-13279",
      "tok_s": 57.5224,
      "accept_rate": 0.7457627118644068,
      "al": null,
      "n_tokens_generated": 128,
      "decode_s": 2.225221,
      "prefill_s": 2.614421,
      "raw_json": {
        "tok_s": 57.5224,
        "prompt": 4,
        "gamma": 3,
        "tokens": 128,
        "decode_s": 2.225221,
        "prefill_s": 2.614421,
        "accepted": 88,
        "proposed": 118,
        "accept_rate": 0.7458,
        "draft_source": "chain",
        "draft_topk": 4,
        "ddtree_budget": 64,
        "ddtree_chain_seed": true,
        "l6_tau": 0.6,
        "l6_k": 3,
        "prompt_id": 4
      },
      "run_idx": 0
    },
    {
      "prompt_idx": 5,
      "prompt_id": "sphinx-doc__sphinx-7757",
      "tok_s": 51.5619,
      "accept_rate": 0.6640625,
      "al": null,
      "n_tokens_generated": 128,
      "decode_s": 2.482451,
      "prefill_s": 2.8005,
      "raw_json": {
        "tok_s": 51.5619,
        "prompt": 5,
        "gamma": 3,
        "tokens": 128,
        "decode_s": 2.482451,
        "prefill_s": 2.8005,
        "accepted": 85,
        "proposed": 128,
        "accept_rate": 0.6641,
        "draft_source": "chain",
        "draft_topk": 4,
        "ddtree_budget": 64,
        "ddtree_chain_seed": true,
        "l6_tau": 0.6,
        "l6_k": 3,
        "prompt_id": 5
      },
      "run_idx": 0
    },
    {
      "prompt_idx": 6,
      "prompt_id": "scikit-learn__scikit-learn-25973",
      "tok_s": 52.3669,
      "accept_rate": 0.6746031746031746,
      "al": null,
      "n_tokens_generated": 128,
      "decode_s": 2.444294,
      "prefill_s": 3.092204,
      "raw_json": {
        "tok_s": 52.3669,
        "prompt": 6,
        "gamma": 3,
        "tokens": 128,
        "decode_s": 2.444294,
        "prefill_s": 3.092204,
        "accepted": 85,
        "proposed": 126,
        "accept_rate": 0.6746,
        "draft_source": "chain",
        "draft_topk": 4,
        "ddtree_budget": 64,
        "ddtree_chain_seed": true,
        "l6_tau": 0.6,
        "l6_k": 3,
        "prompt_id": 6
      },
      "run_idx": 0
    },
    {
      "prompt_idx": 7,
      "prompt_id": "django__django-13670",
      "tok_s": 53.9205,
      "accept_rate": 0.7131147540983607,
      "al": null,
      "n_tokens_generated": 128,
      "decode_s": 2.373865,
      "prefill_s": 2.613557,
      "raw_json": {
        "tok_s": 53.9205,
        "prompt": 7,
        "gamma": 3,
        "tokens": 128,
        "decode_s": 2.373865,
        "prefill_s": 2.613557,
        "accepted": 87,
        "proposed": 122,
        "accept_rate": 0.7131,
        "draft_source": "chain",
        "draft_topk": 4,
        "ddtree_budget": 64,
        "ddtree_chain_seed": true,
        "l6_tau": 0.6,
        "l6_k": 3,
        "prompt_id": 7
      },
      "run_idx": 0
    },
    {
      "prompt_idx": 0,
      "prompt_id": "scikit-learn__scikit-learn-13439",
      "tok_s": 49.5515,
      "accept_rate": 0.6363636363636364,
      "al": null,
      "n_tokens_generated": 128,
      "decode_s": 2.583173,
      "prefill_s": 2.728184,
      "raw_json": {
        "tok_s": 49.5515,
        "prompt": 0,
        "gamma": 3,
        "tokens": 128,
        "decode_s": 2.583173,
        "prefill_s": 2.728184,
        "accepted": 84,
        "proposed": 132,
        "accept_rate": 0.6364,
        "draft_source": "chain",
        "draft_topk": 4,
        "ddtree_budget": 64,
        "ddtree_chain_seed": true,
        "l6_tau": 0.6,
        "l6_k": 3,
        "prompt_id": 0
      },
      "run_idx": 1
    },
    {
      "prompt_idx": 1,
      "prompt_id": "django__django-12155",
      "tok_s": 47.3883,