{
  "meta": {
    "schema_v": 1,
    "timestamp_utc": "2026-05-17T13:55:36.565558+00:00",
    "git_sha": "0925beaeeb866134f87680c58a926780f9248bbe",
    "hostname": "DESKTOP-7MCOG2Q",
    "platform": "Linux-5.15.167.4-microsoft-standard-WSL2-x86_64-with-glibc2.39",
    "gpu": "NVIDIA GeForce RTX 3090, 595.79",
    "cuda": "Build cuda_12.6.r12.6/compiler.35059454_0"
  },
  "workload": {
    "name": "swe_bench_2k",
    "bucket": "2k",
    "n_sample": 8,
    "seed": 42,
    "tokenizer_id": "Qwen/Qwen3.5-27B",
    "prompt_shas": [
      "8b617031c15d1a3ef358afdd5c5d379b505a85895c3fc8b9c8027d67f3846097",
      "d1e06b2c78f60849c4ca21a765fa0a49f11376cddfd3ef822ba69fe3935177de",
      "4dc1fd24a3f4f113b677af1a0768a215e0485641bb5c6ccdb661520a19a82ff6",
      "58e79e853fd975ccd00407c7709d43232874d584432ef4931a910100e4c27f62",
      "bbd45562b0e027bab35e43db1266a0b3309371b5156be68b64f3a10d21b0167d",
      "5a3fbff0b7cb85fc5dbcae9711387942b309b8020c2d6711952566fc2b63ee12",
      "ab2dc73e968438cb7c15f5832916ea8ee802c976c3f778b5050dbc3ea9ad5337",
      "3a78ceecabafafb94e9b55db3d4536eae7a82750c5833aff0d99ec2cec2a753a"
    ]
  },
  "speculator": {
    "name": "ar",
    "config": {
      "name": "ar",
      "gguf_path": "/home/peppi/models/qwen3.6-27b-q4km/Qwen3.6-27B-Q4_K_M.gguf",
      "kv_type": "q8_0",
      "gamma": 0
    }
  },
  "results": [
    {
      "prompt_idx": 0,
      "prompt_id": "scikit-learn__scikit-learn-13439",
      "tok_s": 32.1319,
      "accept_rate": null,
      "al": null,
      "n_tokens_generated": 256,
      "decode_s": 7.967152,
      "prefill_s": 2.856151,
      "raw_json": {
        "tok_s": 32.1319,
        "prompt": 0,
        "gamma": 0,
        "tokens": 256,
        "decode_s": 7.967152,
        "prefill_s": 2.856151,
        "accepted": 0,
        "proposed": 0,
        "accept_rate": 0.0,
        "draft_source": "chain",
        "draft_topk": 4,
        "ddtree_budget": 64,
        "ddtree_chain_seed": true,
        "l6_tau": 0.6,
        "l6_k": 3,
        "prompt_id": 0
      },
      "run_idx": 0
    },
    {
      "prompt_idx": 1,
      "prompt_id": "django__django-12155",
      "tok_s": 32.6887,
      "accept_rate": null,
      "al": null,
      "n_tokens_generated": 256,
      "decode_s": 7.831447,
      "prefill_s": 2.897285,
      "raw_json": {
        "tok_s": 32.6887,
        "prompt": 1,
        "gamma": 0,
        "tokens": 256,
        "decode_s": 7.831447,
        "prefill_s": 2.897285,
        "accepted": 0,
        "proposed": 0,
        "accept_rate": 0.0,
        "draft_source": "chain",
        "draft_topk": 4,
        "ddtree_budget": 64,
        "ddtree_chain_seed": true,
        "l6_tau": 0.6,
        "l6_k": 3,
        "prompt_id": 1
      },
      "run_idx": 0
    },
    {
      "prompt_idx": 2,
      "prompt_id": "scikit-learn__scikit-learn-25232",
      "tok_s": 32.6254,
      "accept_rate": null,
      "al": null,
      "n_tokens_generated": 256,
      "decode_s": 7.846649,
      "prefill_s": 3.034488,
      "raw_json": {
        "tok_s": 32.6254,
        "prompt": 2,
        "gamma": 0,
        "tokens": 256,
        "decode_s": 7.846649,
        "prefill_s": 3.034488,
        "accepted": 0,
        "proposed": 0,
        "accept_rate": 0.0,
        "draft_source": "chain",
        "draft_topk": 4,
        "ddtree_budget": 64,
        "ddtree_chain_seed": true,
        "l6_tau": 0.6,
        "l6_k": 3,
        "prompt_id": 2
      },
      "run_idx": 0
    },
    {
      "prompt_idx": 3,
      "prompt_id": "django__django-14434",
      "tok_s": 32.6713,
      "accept_rate": null,
      "al": null,
      "n_tokens_generated": 256,
      "decode_s": 7.835619,
      "prefill_s": 2.635586,
      "raw_json": {
        "tok_s": 32.6713,
        "prompt": 3,
        "gamma": 0,
        "tokens": 256,
        "decode_s": 7.835619,
        "prefill_s": 2.635586,
        "accepted": 0,
        "proposed": 0,
        "accept_rate": 0.0,
        "draft_source": "chain",
        "draft_topk": 4,
        "ddtree_budget": 64,
        "ddtree_chain_seed": true,
        "l6_tau": 0.6,
        "l6_k": 3,
        "prompt_id": 3
      },
      "run_idx": 0
    },
    {
      "prompt_idx": 4,
      "prompt_id": "django__django-13279",
      "tok_s": 32.4019,
      "accept_rate": null,
      "al": null,
      "n_tokens_generated": 256,
      "decode_s": 7.900776,
      "prefill_s": 2.915868,
      "raw_json": {
        "tok_s": 32.4019,
        "prompt": 4,
        "gamma": 0,
        "tokens": 256,
        "decode_s": 7.900776,
        "prefill_s": 2.915868,
        "accepted": 0,
        "proposed": 0,
        "accept_rate": 0.0,
        "draft_source": "chain",
        "draft_topk": 4,
        "ddtree_budget": 64,
        "ddtree_chain_seed": true,
        "l6_tau": 0.6,
        "l6_k": 3,
        "prompt_id": 4
      },
      "run_idx": 0
    },
    {
      "prompt_idx": 5,
      "prompt_id": "sphinx-doc__sphinx-7757",
      "tok_s": 31.508,
      "accept_rate": null,
      "al": null,
      "n_tokens_generated": 247,
      "decode_s": 7.839287,
      "prefill_s": 2.850246,
      "raw_json": {
        "tok_s": 31.508,
        "prompt": 5,
        "gamma": 0,
        "tokens": 247,
        "decode_s": 7.839287,
        "prefill_s": 2.850246,
        "accepted": 0,
        "proposed": 0,
        "accept_rate": 0.0,
        "draft_source": "chain",
        "draft_topk": 4,
        "ddtree_budget": 64,
        "ddtree_chain_seed": true,
        "l6_tau": 0.6,
        "l6_k": 3,
        "prompt_id": 5
      },
      "run_idx": 0
    },
    {
      "prompt_idx": 6,
      "prompt_id": "scikit-learn__scikit-learn-25973",
      "tok_s": 32.0589,
      "accept_rate": null,
      "al": null,
      "n_tokens_generated": 256,
      "decode_s": 7.985308,
      "prefill_s": 3.33321,
      "raw_json": {
        "tok_s": 32.0589,
        "prompt": 6,
        "gamma": 0,
        "tokens": 256,
        "decode_s": 7.985308,
        "prefill_s": 3.33321,
        "accepted": 0,
        "proposed": 0,
        "accept_rate": 0.0,
        "draft_source": "chain",
        "draft_topk": 4,
        "ddtree_budget": 64,
        "ddtree_chain_seed": true,
        "l6_tau": 0.6,
        "l6_k": 3,
        "prompt_id": 6
      },
      "run_idx": 0
    },
    {
      "prompt_idx": 7,
      "prompt_id": "django__django-13670",
      "tok_s": 32.021,
      "accept_rate": null,
      "al": null,
      "n_tokens_generated": 256,
      "decode_s": 7.994766,
      "prefill_s": 2.751503,
      "raw_json": {
        "tok_s": 32.021,
        "prompt": 7,
        "gamma": 0,
        "tokens": 256,
        "decode_s": 7.994766,
        "prefill_s": 2.751503,
        "accepted": 0,
        "proposed": 0,
        "accept_rate": 0.0,
        "draft_source": "chain",
        "draft_topk": 4,
        "ddtree_budget": 64,
        "ddtree_chain_seed": true,
        "l6_tau": 0.6,
        "l6_k": 3,
        "prompt_id": 7
      },
      "run_idx": 0
    }
  ],
  "aggregates": {
    "tok_s_mean": 32.2633875,
    "tok_s_median": 32.2669,
    "tok_s_p25": 32.030475,
    "tok_s_p75": 32.659825,
    "tok_s_ci95_low": 32.021,
    "tok_s_ci95_high": 32.65705,
    "n_total_runs": 8
  }
}