{
  "meta": {
    "schema_v": 1,
    "timestamp_utc": "2026-05-17T13:40:35.593914+00:00",
    "git_sha": "0925beaeeb866134f87680c58a926780f9248bbe",
    "hostname": "DESKTOP-7MCOG2Q",
    "platform": "Linux-5.15.167.4-microsoft-standard-WSL2-x86_64-with-glibc2.39",
    "gpu": "NVIDIA GeForce RTX 3090, 595.79",
    "cuda": "Build cuda_12.6.r12.6/compiler.35059454_0"
  },
  "workload": {
    "name": "swe_bench_2k",
    "bucket": "2k",
    "n_sample": 8,
    "seed": 42,
    "tokenizer_id": "Qwen/Qwen3.5-27B",
    "prompt_shas": [
      "8b617031c15d1a3ef358afdd5c5d379b505a85895c3fc8b9c8027d67f3846097",
      "d1e06b2c78f60849c4ca21a765fa0a49f11376cddfd3ef822ba69fe3935177de",
      "4dc1fd24a3f4f113b677af1a0768a215e0485641bb5c6ccdb661520a19a82ff6",
      "58e79e853fd975ccd00407c7709d43232874d584432ef4931a910100e4c27f62",
      "bbd45562b0e027bab35e43db1266a0b3309371b5156be68b64f3a10d21b0167d",
      "5a3fbff0b7cb85fc5dbcae9711387942b309b8020c2d6711952566fc2b63ee12",
      "ab2dc73e968438cb7c15f5832916ea8ee802c976c3f778b5050dbc3ea9ad5337",
      "3a78ceecabafafb94e9b55db3d4536eae7a82750c5833aff0d99ec2cec2a753a"
    ]
  },
  "speculator": {
    "name": "mtp_d3",
    "config": {
      "name": "mtp_d3",
      "chain_depth": 3,
      "gguf_path": "/home/peppi/models/qwen3.6-27b-mtp-q4/Qwen3.6-27B-MTP-Q4_K_M.gguf",
      "kv_type": "q8_0",
      "draft_source": "chain"
    }
  },
  "results": [
    {
      "prompt_idx": 0,
      "prompt_id": "scikit-learn__scikit-learn-13439",
      "tok_s": 58.6841,
      "accept_rate": 0.7364016736401674,
      "al": null,
      "n_tokens_generated": 256,
      "decode_s": 4.362339,
      "prefill_s": 2.687624,
      "raw_json": {
        "tok_s": 58.6841,
        "prompt": 0,
        "gamma": 3,
        "tokens": 256,
        "decode_s": 4.362339,
        "prefill_s": 2.687624,
        "accepted": 176,
        "proposed": 239,
        "accept_rate": 0.7364,
        "draft_source": "chain",
        "draft_topk": 4,
        "ddtree_budget": 64,
        "ddtree_chain_seed": true,
        "l6_tau": 0.6,
        "l6_k": 3,
        "prompt_id": 0
      },
      "run_idx": 0
    },
    {
      "prompt_idx": 1,
      "prompt_id": "django__django-12155",
      "tok_s": 54.8601,
      "accept_rate": 0.66015625,
      "al": null,
      "n_tokens_generated": 256,
      "decode_s": 4.666419,
      "prefill_s": 2.67463,
      "raw_json": {
        "tok_s": 54.8601,
        "prompt": 1,
        "gamma": 3,
        "tokens": 256,
        "decode_s": 4.666419,
        "prefill_s": 2.67463,
        "accepted": 169,
        "proposed": 256,
        "accept_rate": 0.6602,
        "draft_source": "chain",
        "draft_topk": 4,
        "ddtree_budget": 64,
        "ddtree_chain_seed": true,
        "l6_tau": 0.6,
        "l6_k": 3,
        "prompt_id": 1
      },
      "run_idx": 0
    },
    {
      "prompt_idx": 2,
      "prompt_id": "scikit-learn__scikit-learn-25232",
      "tok_s": 51.2247,
      "accept_rate": 0.6029411764705882,
      "al": null,
      "n_tokens_generated": 256,
      "decode_s": 4.997588,
      "prefill_s": 2.835885,
      "raw_json": {
        "tok_s": 51.2247,
        "prompt": 2,
        "gamma": 3,
        "tokens": 256,
        "decode_s": 4.997588,
        "prefill_s": 2.835885,
        "accepted": 164,
        "proposed": 272,
        "accept_rate": 0.6029,
        "draft_source": "chain",
        "draft_topk": 4,
        "ddtree_budget": 64,
        "ddtree_chain_seed": true,
        "l6_tau": 0.6,
        "l6_k": 3,
        "prompt_id": 2
      },
      "run_idx": 0
    },
    {
      "prompt_idx": 3,
      "prompt_id": "django__django-14434",
      "tok_s": 52.3865,
      "accept_rate": 0.6935483870967742,
      "al": null,
      "n_tokens_generated": 256,
      "decode_s": 4.886752,
      "prefill_s": 2.60993,
      "raw_json": {
        "tok_s": 52.3865,
        "prompt": 3,
        "gamma": 3,
        "tokens": 256,
        "decode_s": 4.886752,
        "prefill_s": 2.60993,
        "accepted": 172,
        "proposed": 248,
        "accept_rate": 0.6935,
        "draft_source": "chain",
        "draft_topk": 4,
        "ddtree_budget": 64,
        "ddtree_chain_seed": true,
        "l6_tau": 0.6,
        "l6_k": 3,
        "prompt_id": 3
      },
      "run_idx": 0
    },
    {
      "prompt_idx": 4,
      "prompt_id": "django__django-13279",
      "tok_s": 49.9971,
      "accept_rate": 0.6758893280632411,
      "al": null,
      "n_tokens_generated": 256,
      "decode_s": 5.120293,
      "prefill_s": 2.817462,
      "raw_json": {
        "tok_s": 49.9971,
        "prompt": 4,
        "gamma": 3,
        "tokens": 256,
        "decode_s": 5.120293,
        "prefill_s": 2.817462,
        "accepted": 171,
        "proposed": 253,
        "accept_rate": 0.6759,
        "draft_source": "chain",
        "draft_topk": 4,
        "ddtree_budget": 64,
        "ddtree_chain_seed": true,
        "l6_tau": 0.6,
        "l6_k": 3,
        "prompt_id": 4
      },
      "run_idx": 0
    },
    {
      "prompt_idx": 5,
      "prompt_id": "sphinx-doc__sphinx-7757",
      "tok_s": 56.3889,
      "accept_rate": 0.6907630522088354,
      "al": null,
      "n_tokens_generated": 256,
      "decode_s": 4.539902,
      "prefill_s": 2.565031,
      "raw_json": {
        "tok_s": 56.3889,
        "prompt": 5,
        "gamma": 3,
        "tokens": 256,
        "decode_s": 4.539902,
        "prefill_s": 2.565031,
        "accepted": 172,
        "proposed": 249,
        "accept_rate": 0.6908,
        "draft_source": "chain",
        "draft_topk": 4,
        "ddtree_budget": 64,
        "ddtree_chain_seed": true,
        "l6_tau": 0.6,
        "l6_k": 3,
        "prompt_id": 5
      },
      "run_idx": 0
    },
    {
      "prompt_idx": 6,
      "prompt_id": "scikit-learn__scikit-learn-25973",
      "tok_s": 50.3482,
      "accept_rate": 0.5905797101449275,
      "al": null,
      "n_tokens_generated": 256,
      "decode_s": 5.084587,
      "prefill_s": 2.860849,
      "raw_json": {
        "tok_s": 50.3482,
        "prompt": 6,
        "gamma": 3,
        "tokens": 256,
        "decode_s": 5.084587,
        "prefill_s": 2.860849,
        "accepted": 163,
        "proposed": 276,
        "accept_rate": 0.5906,
        "draft_source": "chain",
        "draft_topk": 4,
        "ddtree_budget": 64,
        "ddtree_chain_seed": true,
        "l6_tau": 0.6,
        "l6_k": 3,
        "prompt_id": 6
      },
      "run_idx": 0
    },
    {
      "prompt_idx": 7,
      "prompt_id": "django__django-13670",
      "tok_s": 53.9841,
      "accept_rate": 0.6812749003984063,
      "al": null,
      "n_tokens_generated": 256,
      "decode_s": 4.74214,
      "prefill_s": 2.55981,
      "raw_json": {
        "tok_s": 53.9841,
        "prompt": 7,
        "gamma": 3,
        "tokens": 256,
        "decode_s": 4.74214,
        "prefill_s": 2.55981,
        "accepted": 171,
        "proposed": 251,
        "accept_rate": 0.6813,
        "draft_source": "chain",
        "draft_topk": 4,
        "ddtree_budget": 64,
        "ddtree_chain_seed": true,
        "l6_tau": 0.6,
        "l6_k": 3,
        "prompt_id": 7
      },
      "run_idx": 0
    }
  ],
  "aggregates": {
    "tok_s_mean": 53.4842125,
    "tok_s_median": 53.1853,
    "tok_s_p25": 50.567325,
    "tok_s_p75": 56.006699999999995,
    "tok_s_ci95_low": 50.78645,
    "tok_s_ci95_high": 55.6245,
    "n_total_runs": 8,
    "spec_vs_ar_speedup_median": 1.5396,
    "spec_vs_ar_speedup_mean": 1.5696
  }
}