{
  "meta": {
    "schema_v": 1,
    "timestamp_utc": "2026-05-17T12:54:23.701302+00:00",
    "git_sha": "0925beaeeb866134f87680c58a926780f9248bbe",
    "hostname": "DESKTOP-7MCOG2Q",
    "platform": "Linux-5.15.167.4-microsoft-standard-WSL2-x86_64-with-glibc2.39",
    "gpu": "NVIDIA GeForce RTX 3090, 595.79",
    "cuda": "Build cuda_12.6.r12.6/compiler.35059454_0"
  },
  "workload": {
    "name": "swe_bench_2k",
    "bucket": "2k",
    "n_sample": 8,
    "seed": 42,
    "tokenizer_id": "Qwen/Qwen3.5-27B",
    "prompt_shas": [
      "8b617031c15d1a3ef358afdd5c5d379b505a85895c3fc8b9c8027d67f3846097",
      "d1e06b2c78f60849c4ca21a765fa0a49f11376cddfd3ef822ba69fe3935177de",
      "4dc1fd24a3f4f113b677af1a0768a215e0485641bb5c6ccdb661520a19a82ff6",
      "58e79e853fd975ccd00407c7709d43232874d584432ef4931a910100e4c27f62",
      "bbd45562b0e027bab35e43db1266a0b3309371b5156be68b64f3a10d21b0167d",
      "5a3fbff0b7cb85fc5dbcae9711387942b309b8020c2d6711952566fc2b63ee12",
      "ab2dc73e968438cb7c15f5832916ea8ee802c976c3f778b5050dbc3ea9ad5337",
      "3a78ceecabafafb94e9b55db3d4536eae7a82750c5833aff0d99ec2cec2a753a"
    ]
  },
  "speculator": {
    "name": "ar",
    "config": {
      "name": "ar",
      "gguf_path": "/home/peppi/models/qwen3.6-27b-q4km/Qwen3.6-27B-Q4_K_M.gguf",
      "kv_type": "q8_0",
      "gamma": 0
    }
  },
  "results": [
    {
      "prompt_idx": 0,
      "prompt_id": "scikit-learn__scikit-learn-13439",
      "tok_s": 30.1368,
      "accept_rate": null,
      "al": null,
      "n_tokens_generated": 256,
      "decode_s": 8.4946,
      "prefill_s": 3.157559,
      "raw_json": {
        "tok_s": 30.1368,
        "prompt": 0,
        "gamma": 0,
        "tokens": 256,
        "decode_s": 8.4946,
        "prefill_s": 3.157559,
        "accepted": 0,
        "proposed": 0,
        "accept_rate": 0.0,
        "draft_source": "chain",
        "draft_topk": 4,
        "ddtree_budget": 64,
        "ddtree_chain_seed": true,
        "l6_tau": 0.6,
        "l6_k": 3,
        "prompt_id": 0
      },
      "run_idx": 0
    },
    {
      "prompt_idx": 1,
      "prompt_id": "django__django-12155",
      "tok_s": 30.6894,
      "accept_rate": null,
      "al": null,
      "n_tokens_generated": 256,
      "decode_s": 8.34163,
      "prefill_s": 3.065083,
      "raw_json": {
        "tok_s": 30.6894,
        "prompt": 1,
        "gamma": 0,
        "tokens": 256,
        "decode_s": 8.34163,
        "prefill_s": 3.065083,
        "accepted": 0,
        "proposed": 0,
        "accept_rate": 0.0,
        "draft_source": "chain",
        "draft_topk": 4,
        "ddtree_budget": 64,
        "ddtree_chain_seed": true,
        "l6_tau": 0.6,
        "l6_k": 3,
        "prompt_id": 1
      },
      "run_idx": 0
    },
    {
      "prompt_idx": 2,
      "prompt_id": "scikit-learn__scikit-learn-25232",
      "tok_s": 29.827,
      "accept_rate": null,
      "al": null,
      "n_tokens_generated": 256,
      "decode_s": 8.582825,
      "prefill_s": 3.276774,
      "raw_json": {
        "tok_s": 29.827,
        "prompt": 2,
        "gamma": 0,
        "tokens": 256,
        "decode_s": 8.582825,
        "prefill_s": 3.276774,
        "accepted": 0,
        "proposed": 0,
        "accept_rate": 0.0,
        "draft_source": "chain",
        "draft_topk": 4,
        "ddtree_budget": 64,
        "ddtree_chain_seed": true,
        "l6_tau": 0.6,
        "l6_k": 3,
        "prompt_id": 2
      },
      "run_idx": 0
    },
    {
      "prompt_idx": 3,
      "prompt_id": "django__django-14434",
      "tok_s": 29.8701,
      "accept_rate": null,
      "al": null,
      "n_tokens_generated": 256,
      "decode_s": 8.570435,
      "prefill_s": 2.658604,
      "raw_json": {
        "tok_s": 29.8701,
        "prompt": 3,
        "gamma": 0,
        "tokens": 256,
        "decode_s": 8.570435,
        "prefill_s": 2.658604,
        "accepted": 0,
        "proposed": 0,
        "accept_rate": 0.0,
        "draft_source": "chain",
        "draft_topk": 4,
        "ddtree_budget": 64,
        "ddtree_chain_seed": true,
        "l6_tau": 0.6,
        "l6_k": 3,
        "prompt_id": 3
      },
      "run_idx": 0
    },
    {
      "prompt_idx": 4,
      "prompt_id": "django__django-13279",
      "tok_s": 30.1197,
      "accept_rate": null,
      "al": null,
      "n_tokens_generated": 256,
      "decode_s": 8.499408,
      "prefill_s": 2.801843,
      "raw_json": {
        "tok_s": 30.1197,
        "prompt": 4,
        "gamma": 0,
        "tokens": 256,
        "decode_s": 8.499408,
        "prefill_s": 2.801843,
        "accepted": 0,
        "proposed": 0,
        "accept_rate": 0.0,
        "draft_source": "chain",
        "draft_topk": 4,
        "ddtree_budget": 64,
        "ddtree_chain_seed": true,
        "l6_tau": 0.6,
        "l6_k": 3,
        "prompt_id": 4
      },
      "run_idx": 0
    },
    {
      "prompt_idx": 5,
      "prompt_id": "sphinx-doc__sphinx-7757",
      "tok_s": 30.4567,
      "accept_rate": null,
      "al": null,
      "n_tokens_generated": 247,
      "decode_s": 8.109864,
      "prefill_s": 2.899209,
      "raw_json": {
        "tok_s": 30.4567,
        "prompt": 5,
        "gamma": 0,
        "tokens": 247,
        "decode_s": 8.109864,
        "prefill_s": 2.899209,
        "accepted": 0,
        "proposed": 0,
        "accept_rate": 0.0,
        "draft_source": "chain",
        "draft_topk": 4,
        "ddtree_budget": 64,
        "ddtree_chain_seed": true,
        "l6_tau": 0.6,
        "l6_k": 3,
        "prompt_id": 5
      },
      "run_idx": 0
    },
    {
      "prompt_idx": 6,
      "prompt_id": "scikit-learn__scikit-learn-25973",
      "tok_s": 31.3855,
      "accept_rate": null,
      "al": null,
      "n_tokens_generated": 256,
      "decode_s": 8.156644,
      "prefill_s": 3.231163,
      "raw_json": {
        "tok_s": 31.3855,
        "prompt": 6,
        "gamma": 0,
        "tokens": 256,
        "decode_s": 8.156644,
        "prefill_s": 3.231163,
        "accepted": 0,
        "proposed": 0,
        "accept_rate": 0.0,
        "draft_source": "chain",
        "draft_topk": 4,
        "ddtree_budget": 64,
        "ddtree_chain_seed": true,
        "l6_tau": 0.6,
        "l6_k": 3,
        "prompt_id": 6
      },
      "run_idx": 0
    },
    {
      "prompt_idx": 7,
      "prompt_id": "django__django-13670",
      "tok_s": 31.5121,
      "accept_rate": null,
      "al": null,
      "n_tokens_generated": 256,
      "decode_s": 8.123876,
      "prefill_s": 2.831412,
      "raw_json": {
        "tok_s": 31.5121,
        "prompt": 7,
        "gamma": 0,
        "tokens": 256,
        "decode_s": 8.123876,
        "prefill_s": 2.831412,
        "accepted": 0,
        "proposed": 0,
        "accept_rate": 0.0,
        "draft_source": "chain",
        "draft_topk": 4,
        "ddtree_budget": 64,
        "ddtree_chain_seed": true,
        "l6_tau": 0.6,
        "l6_k": 3,
        "prompt_id": 7
      },
      "run_idx": 0
    },
    {
      "prompt_idx": 0,
      "prompt_id": "scikit-learn__scikit-learn-13439",
      "tok_s": 30.5353,
      "accept_rate": null,
      "al": null,
      "n_tokens_generated": 256,
      "decode_s": 8.383729,
      "prefill_s": 2.86927,
      "raw_json": {
        "tok_s": 30.5353,
        "prompt": 0,
        "gamma": 0,
        "tokens": 256,
        "decode_s": 8.383729,
        "prefill_s": 2.86927,
        "accepted": 0,
        "proposed": 0,
        "accept_rate": 0.0,
        "draft_source": "chain",
        "draft_topk": 4,
        "ddtree_budget": 64,
        "ddtree_chain_seed": true,
        "l6_tau": 0.6,
        "l6_k": 3,
        "prompt_id": 0
      },
      "run_idx": 1
    },
    {
      "prompt_idx": 1,
      "prompt_id": "django__django-12155",
      "tok_s": 31.9274,
      "accept_rate": null,
      "al": null,
      "n_tokens_generated": 256,
      "decode_s": 8.018194,
      "prefill_s": 2.882666,
      "raw_json": {
        "tok_s": 31.9274,
        "prompt": 1,
        "gamma": 0,